{
  "all_metrics": {
    "mlp": {
      "train_loss": [
        1.3942837715148926,
        1.3195453882217407,
        1.2397704124450684,
        1.150869369506836,
        1.055871605873108,
        0.9601698517799377,
        0.8673932552337646,
        0.7761873006820679,
        0.690579891204834,
        0.6202912926673889,
        0.5642421841621399,
        0.5156800746917725,
        0.4729995131492615,
        0.43772298097610474,
        0.40923523902893066,
        0.3843836188316345,
        0.36608755588531494,
        0.3595486879348755,
        0.3519771993160248,
        0.3408302068710327,
        0.3320848345756531,
        0.32282817363739014,
        0.32392212748527527,
        0.31884512305259705,
        0.3158411979675293,
        0.3118748664855957,
        0.3033226728439331,
        0.2985028028488159,
        0.29341909289360046,
        0.2893921136856079,
        0.28780823945999146,
        0.28358331322669983,
        0.27826476097106934,
        0.2744308114051819,
        0.2701737880706787,
        0.2670748233795166,
        0.2651802599430084,
        0.26281237602233887,
        0.26065900921821594,
        0.2587050795555115,
        0.2563280761241913,
        0.2542252540588379,
        0.2526928186416626,
        0.25086843967437744,
        0.24909745156764984,
        0.2473905235528946,
        0.24552187323570251,
        0.24347814917564392,
        0.24178236722946167,
        0.24006405472755432
      ],
      "val_auc": [
        0.9254744615439299,
        0.9393001684451201,
        0.9421237250255081,
        0.9451510131883338,
        0.948174387255409,
        0.9508455658426251,
        0.9530607317397412,
        0.9550647011177751,
        0.9573267809848873,
        0.9598200730424887,
        0.9623066855035034,
        0.9646509313911301,
        0.9666919005452216,
        0.9684055994922313,
        0.9698238925962789,
        0.9708866317313747,
        0.9715285952935714,
        0.9725728393345644,
        0.9747192717793352,
        0.9769726966244232,
        0.9786471297875544,
        0.9796053631654368,
        0.9801008536093413,
        0.9804859547797303,
        0.9809295010217103,
        0.9814305159122236,
        0.9818737935662852,
        0.9821580612765509,
        0.9823022076775031,
        0.9824866459128351,
        0.9828814024249827,
        0.9834280197099794,
        0.983933374274985,
        0.9842929125894967,
        0.9845413859692169,
        0.9847570779876146,
        0.9849835451040717,
        0.985212209147017,
        0.9854253443720833,
        0.9856105536993381,
        0.9857635259671562,
        0.9859096348545907,
        0.9860775438883984,
        0.9862530886737186,
        0.9863991863438248,
        0.9865057516181657,
        0.9865958965287678,
        0.9866940025362573,
        0.9868078190844249,
        0.9869306107823475
      ],
      "val_ap": [
        0.9064418409969445,
        0.9154099365392498,
        0.9182290024058506,
        0.9220077692125833,
        0.9259304071570894,
        0.9294767054588658,
        0.9325874496082321,
        0.9355123708562231,
        0.938812958821996,
        0.9425011233538954,
        0.9461875966845028,
        0.9496256465006572,
        0.9525980692771743,
        0.9550500800257582,
        0.9568891850536942,
        0.9576969427778361,
        0.9566594654205771,
        0.9565683838943901,
        0.959806803030694,
        0.9636666266358804,
        0.9665843978450906,
        0.9684780226438305,
        0.9696574743664986,
        0.9704802907769755,
        0.9712202625993425,
        0.9719185141494475,
        0.9724134459868694,
        0.9725761367724154,
        0.9725734513167291,
        0.9728299988039887,
        0.9736061023165451,
        0.9747358691307507,
        0.9758184141245121,
        0.9765874682637953,
        0.9770750687301902,
        0.9774454228390596,
        0.9778027623074577,
        0.9781385141949633,
        0.9784203682099395,
        0.9786409359110138,
        0.9788201034447458,
        0.979010715610574,
        0.9792538892205547,
        0.9795270677691338,
        0.9797766824632762,
        0.9799808606849013,
        0.980156611580363,
        0.9803290793728868,
        0.9805132055822763,
        0.9807065856146483
      ],
      "test_auc": 0.986799490011212,
      "test_ap": 0.9804385790367374
    },
    "vae": {
      "train_loss": [
        1.414128303527832,
        1.3891422748565674,
        1.3777843713760376,
        1.3660460710525513,
        1.345536708831787,
        1.3118259906768799,
        1.2626991271972656,
        1.1972942352294922,
        1.1167926788330078,
        1.0245423316955566,
        0.9260623455047607,
        0.8256096839904785,
        0.7249144315719604,
        0.6258376836776733,
        0.5353496670722961,
        0.4683910608291626,
        0.4332282543182373,
        0.4199817180633545,
        0.4112730324268341,
        0.3995175361633301,
        0.3851834535598755,
        0.36873623728752136,
        0.3498759865760803,
        0.33281511068344116,
        0.3223145306110382,
        0.31820881366729736,
        0.31241512298583984,
        0.3051007091999054,
        0.3010977506637573,
        0.30098700523376465,
        0.3011586368083954,
        0.2985071539878845,
        0.29409369826316833,
        0.2901269495487213,
        0.28709346055984497,
        0.2837057113647461,
        0.280068963766098,
        0.2773037850856781,
        0.27590638399124146,
        0.2749207615852356,
        0.2736274003982544,
        0.2721979022026062,
        0.2706311345100403,
        0.2693260610103607,
        0.26755788922309875,
        0.2653403878211975,
        0.26323145627975464,
        0.26159825921058655,
        0.26018476486206055,
        0.258680522441864
      ],
      "val_auc": [
        0.5218531621125488,
        0.5594745428192285,
        0.60281796202274,
        0.6557012891747502,
        0.7135495551828084,
        0.7657099200431465,
        0.8090340690686874,
        0.8429529205381923,
        0.871523856760929,
        0.8974252049889762,
        0.9198574854974519,
        0.938017999950233,
        0.9502902638634263,
        0.9578432551601129,
        0.9622660940864712,
        0.9650679159398317,
        0.9671229111272023,
        0.9685502099291068,
        0.9698280421179453,
        0.9709592038424858,
        0.9721546976254214,
        0.9734415866394819,
        0.9747896755570846,
        0.9761199852434592,
        0.9773911833399204,
        0.9784414259712536,
        0.9791247869552654,
        0.9794834928242729,
        0.979708973730905,
        0.9799184459987691,
        0.9801837753720505,
        0.9804610132349777,
        0.9807627265214599,
        0.981032037088114,
        0.9812692795084828,
        0.981432820003175,
        0.98155985005574,
        0.9816662681879544,
        0.9817736342070743,
        0.9819118377352306,
        0.9820731321845518,
        0.9822389997337259,
        0.9824212218220295,
        0.9826129715561748,
        0.9827944100471034,
        0.9829868954869264,
        0.9831767786926238,
        0.9833572459107606,
        0.9835136039632608,
        0.9836519144113847
      ],