{
  "train_loss": [
    1.414128303527832,
    1.3891422748565674,
    1.3777843713760376,
    1.3660460710525513,
    1.345536708831787,
    1.3118259906768799,
    1.2626991271972656,
    1.1972942352294922,
    1.1167926788330078,
    1.0245423316955566,
    0.9260623455047607,
    0.8256096839904785,
    0.7249144315719604,
    0.6258376836776733,
    0.5353496670722961,
    0.4683910608291626,
    0.4332282543182373,
    0.4199817180633545,
    0.4112730324268341,
    0.3995175361633301,
    0.3851834535598755,
    0.36873623728752136,
    0.3498759865760803,
    0.33281511068344116,
    0.3223145306110382,
    0.31820881366729736,
    0.31241512298583984,
    0.3051007091999054,
    0.3010977506637573,
    0.30098700523376465,
    0.3011586368083954,
    0.2985071539878845,
    0.29409369826316833,
    0.2901269495487213,
    0.28709346055984497,
    0.2837057113647461,
    0.280068963766098,
    0.2773037850856781,
    0.27590638399124146,
    0.2749207615852356,
    0.2736274003982544,
    0.2721979022026062,
    0.2706311345100403,
    0.2693260610103607,
    0.26755788922309875,
    0.2653403878211975,
    0.26323145627975464,
    0.26159825921058655,
    0.26018476486206055,
    0.258680522441864
  ],
  "val_auc": [
    0.5218531621125488,
    0.5594745428192285,
    0.60281796202274,
    0.6557012891747502,
    0.7135495551828084,
    0.7657099200431465,
    0.8090340690686874,
    0.8429529205381923,
    0.871523856760929,
    0.8974252049889762,
    0.9198574854974519,
    0.938017999950233,
    0.9502902638634263,
    0.9578432551601129,
    0.9622660940864712,
    0.9650679159398317,
    0.9671229111272023,
    0.9685502099291068,
    0.9698280421179453,
    0.9709592038424858,
    0.9721546976254214,
    0.9734415866394819,
    0.9747896755570846,
    0.9761199852434592,
    0.9773911833399204,
    0.9784414259712536,
    0.9791247869552654,
    0.9794834928242729,
    0.979708973730905,
    0.9799184459987691,
    0.9801837753720505,
    0.9804610132349777,
    0.9807627265214599,
    0.981032037088114,
    0.9812692795084828,
    0.981432820003175,
    0.98155985005574,
    0.9816662681879544,
    0.9817736342070743,
    0.9819118377352306,
    0.9820731321845518,
    0.9822389997337259,
    0.9824212218220295,
    0.9826129715561748,
    0.9827944100471034,
    0.9829868954869264,
    0.9831767786926238,
    0.9833572459107606,
    0.9835136039632608,
    0.9836519144113847
  ],
  "val_ap": [
    0.5181643519612383,
    0.5521633259691041,
    0.5929705020548947,
    0.6437222267594066,
    0.698246714164308,
    0.7464197249132316,
    0.7863565317994426,
    0.8189488675688432,
    0.8478521640237409,
    0.875504310115016,
    0.8995571395466483,
    0.9188347435804181,
    0.9322718721082222,
    0.9409552743682436,
    0.9466082916660884,
    0.9504498107370661,
    0.9534101439561756,
    0.9554189055687291,
    0.9571770438537691,
    0.9587049971017071,
    0.9602189123016986,
    0.9617665929703324,
    0.9631880869333328,
    0.9643174922555244,
    0.96550221672876,
    0.9669147741101304,
    0.9682043360528167,
    0.9690814245477847,
    0.9696672788403276,
    0.9701437263365545,
    0.9706323976761618,
    0.9711118506413938,
    0.9715955301485222,
    0.9720179081436574,
    0.9723499881340937,
    0.9725450459203744,
    0.9726612362305896,
    0.9727303786634608,
    0.9728018705295175,
    0.9729426108146455,
    0.9731481479375348,
    0.9734116853835504,
    0.9737271399149008,
    0.9740664634505021,
    0.97438515205851,
    0.9747067341404607,
    0.9750193085064175,
    0.9753117027923983,
    0.9755741224492896,
    0.9757939278690935
  ],
  "test_auc": 0.9835557763208097,
  "test_ap": 0.9756700876777039
}