{
  "train_loss": [
    1.3633058071136475,
    1.3277020454406738,
    1.2948040962219238,
    1.2642741203308105,
    1.2359912395477295,
    1.209821343421936,
    1.1855361461639404,
    1.16290283203125,
    1.142045021057129,
    1.1225191354751587,
    1.1043050289154053,
    1.0871630907058716,
    1.0711849927902222,
    1.0562448501586914,
    1.0422141551971436,
    1.0288777351379395,
    1.016402006149292,
    1.0045925378799438,
    0.993401050567627,
    0.9827578663825989,
    0.9725489616394043,
    0.9628928899765015,
    0.9537512063980103,
    0.9447933435440063,
    0.9364211559295654,
    0.9281866550445557,
    0.9204341173171997,
    0.9129594564437866,
    0.9057092666625977,
    0.8987802267074585,
    0.8920285105705261,
    0.8856155276298523,
    0.8792176246643066,
    0.8731510639190674,
    0.8672003746032715,
    0.8615750074386597,
    0.8560558557510376,
    0.8507064580917358,
    0.8453971147537231,
    0.8404927253723145,
    0.8353705406188965,
    0.8306365609169006,
    0.8260142803192139,
    0.8212594389915466,
    0.8168395757675171,
    0.8125607967376709,
    0.808136522769928,
    0.8039063811302185,
    0.7998068332672119,
    0.7957401275634766
  ],
  "val_auc": [
    0.7140681892866358,
    0.7550261873897293,
    0.790575985456329,
    0.8228107683110606,
    0.8495744994342239,
    0.8696365490565241,
    0.8844476134150274,
    0.8963604336333334,
    0.9072426466794512,
    0.9184848301543158,
    0.9298635414490619,
    0.9398497614468013,
    0.9470469522477185,
    0.9514422427790089,
    0.9540975183957151,
    0.9559276420848195,
    0.957376853287631,
    0.9586538138831512,
    0.9598401528196031,
    0.9608921253401728,
    0.961769905646959,
    0.962490530448613,
    0.9630872994960002,
    0.9635876734924401,
    0.9640062414424695,
    0.9643629499624217,
    0.964683009322697,
    0.9649830006629593,
    0.9652575787361635,
    0.96550008146569,
    0.9657060122095106,
    0.9658876082293018,
    0.9660495485104211,
    0.9661936232629588,
    0.9663262670759258,
    0.9664527761022582,
    0.9665724926604089,
    0.9666809637066304,
    0.9667786805724353,
    0.9668699491876855,
    0.9669557487612535,
    0.9670359062872215,
    0.9671106893235051,
    0.9671801708720398,
    0.9672441434037063,
    0.9673034794692453,
    0.9673589987731309,
    0.9674123517095302,
    0.9674636238024276,
    0.9675120195910755
  ],
  "val_ap": [
    0.7384281458061612,
    0.7751132056609701,
    0.8128538272302509,
    0.8432856922630034,
    0.8638241340167716,
    0.8776758695521476,
    0.8870520158134589,
    0.8942779750453931,
    0.9014057695819938,
    0.9095960690366582,
    0.9181944701500325,
    0.9256712898336573,
    0.9311034090863011,
    0.9347173012701221,
    0.9372160608437299,
    0.9391237180715384,
    0.9406998358057261,
    0.9420848605432499,
    0.9433382659841599,
    0.9444360886371344,
    0.9453592428865407,
    0.9461363262504159,
    0.9468041835745075,
    0.9473862234020644,
    0.9478892384401296,
    0.9483278931212874,
    0.9487193486310868,
    0.9490778741793775,
    0.9494043051484576,
    0.9496983734201891,
    0.9499615203454083,
    0.9502045832717007,
    0.9504296296067889,
    0.9506350177733682,
    0.9508229095727257,
    0.950996035163362,
    0.9511547292608193,
    0.9512984801411246,
    0.9514302483976297,
    0.9515554359676014,
    0.9516756247054425,
    0.9517880772128525,
    0.9518909888538322,
    0.9519837966322451,
    0.9520685798247156,
    0.9521464334940651,
    0.9522205391690454,
    0.9522947288535719,
    0.9523664841332533,
    0.9524352386396633
  ],
  "test_auc": 0.967601814512514,
  "test_ap": 0.952558182799614
}